{
	"format_version": "1.8.0",
	"animations": {
		"run": {
			"loop": true,
			"animation_length": 0.7083,
			"bones": {
				"Head": {
					"rotation": {
						"0.0": [2.50954, -4.99523, -0.21865],
						"0.3333": [2.50954, 4.99523, 0.21865],
						"0.7083": [2.50954, -4.99523, -0.21865]
					},
					"position": {
						"0.0": [0, 0, -1],
						"0.7083": [0, 0, -1]
					}
				},
				"Body": {
					"rotation": {
						"0.0": [0, -7.5, 0],
						"0.3333": [0, 7.5, 0],
						"0.7083": [0, -5, 0]
					},
					"position": {
						"0.0": [0, 0, -1],
						"0.7083": [0, 0, -1]
					}
				},
				"Right Arm": {
					"rotation": {
						"0.0": [-30, 0, 0],
						"0.3333": [37.5, 0, 0],
						"0.7083": [-30, 0, 0]
					},
					"position": {
						"0.0": [0, 0, -2],
						"0.3333": [0, 0, 0],
						"0.7083": [0, 0, -2]
					}
				},
				"Left Arm": {
					"rotation": {
						"0.0": [30, 0, 0],
						"0.3333": [-30, 0, 0],
						"0.7083": [30, 0, 0]
					},
					"position": {
						"0.0": [0, 0, -1],
						"0.3333": [0, 0, -2],
						"0.7083": [0, 0, 0]
					}
				},
				"Right Leg": {
					"rotation": {
						"0.0": [35, 0, 0],
						"0.3333": [-32.25, 0, 0],
						"0.7083": [35, 0, 0]
					},
					"position": {
						"0.0": [0, 0, 1],
						"0.3333": [0, 1, -2.325],
						"0.7083": [0, 0, 1]
					}
				},
				"Left Leg": {
					"rotation": {
						"0.0": [-32.25, 0, 0],
						"0.3333": [22.5, 0, 0],
						"0.7083": [-32.25, 0, 0]
					},
					"position": {
						"0.0": [0, 0, -2.325],
						"0.3333": [0, 0, 1],
						"0.7083": [0, 0, -2.325]
					}
				}
			}
		}
	}
}