{
	"format_version": "1.8.0",
	"animations": {
		"standing": {
			"loop": true,
			"animation_length": 6.7083,
			"bones": {
				"Head": {
					"rotation": {
						"0.0": [0, 0, 0],
						"1.5417": [-10, -10, 0],
						"2.625": [-19.17586, 18.36519, -4.27318],
						"3.0833": [-19.17586, 18.36519, -4.27318],
						"4.125": [0, 0, 0],
						"6.6667": [0, 0, 0]
					},
					"position": {
						"0.0": [0, 0, 0],
						"6.6667": [0, 0, 0]
					}
				},
				"Body": {
					"rotation": {
						"0.0": [0, 0, 0],
						"1.25": [0, 0, 0],
						"6.6667": [0, 0, 0]
					},
					"position": {
						"0.0": [0, 0, 0],
						"1.25": [0, 0, 0],
						"6.6667": [0, 0, 0]
					},
					"scale": {
						"0.0": [1, 1, 1],
						"1.7917": [1, 1, 1.2],
						"2.375": [1, 1, 1],
						"3.625": [1, 1, 1.2],
						"4.0833": [1, 1, 1],
						"5.25": [1, 1, 1.2],
						"6.6667": [1, 1, 1]
					}
				},
				"Right Arm": {
					"rotation": {
						"0.0": [0, 0, 0],
						"6.6667": [0, 0, 0]
					},
					"position": {
						"0.0": [0, 0, 0],
						"6.6667": [0, 0, 0]
					}
				},
				"Left Arm": {
					"rotation": {
						"0.0": [0, 0, 0],
						"6.6667": [0, 0, 0]
					},
					"position": {
						"0.0": [0, 0, 0],
						"6.6667": [0, 0, 0]
					}
				},
				"Right Leg": {
					"rotation": {
						"0.0": [0, 0, 0],
						"6.6667": [0, 0, 0]
					},
					"position": {
						"0.0": [0, 0, 0],
						"6.6667": [0, 0, 0]
					}
				},
				"Left Leg": {
					"rotation": {
						"0.0": [0, 0, 0],
						"6.6667": [0, 0, 0]
					},
					"position": {
						"0.0": [0, 0, 0],
						"6.6667": [0, 0, 0]
					}
				}
			}
		}
	}
}